tweet_text,username,tweet_link,media_link,timestamp,likes,reposts/comments
Is anyone else generating 30s AI videos? (Found a free tool for it),Miya2611,https://reddit.com/r/AiForSmallBusiness/comments/1qlh25f/is_anyone_else_generating_30s_ai_videos_found_a/,https://v.redd.it/1i0xmzl969fg1,1769241147.0,56,181
Some AI video generations of past drawings of mine,ArisatoGori,https://reddit.com/r/cartoonbelly/comments/1o7kofs/some_ai_video_generations_of_past_drawings_of_mine/,https://www.reddit.com/gallery/1o7kofs,1760556563.0,249,117
I did not expect this ai video generator to look this polished,Hamsa-Shimada,https://reddit.com/r/generativeAI/comments/1sx3zl3/i_did_not_expect_this_ai_video_generator_to_look/,https://www.redgifs.com/watch/sprynovelspider,1777297151.0,35,91
How do y'all make videos with AI?,_VongolaDecimo_,https://reddit.com/r/ChatGPT/comments/1nnmhnh/how_do_yall_make_videos_with_ai/,N/A,1758547680.0,53,56
Best free AI porn videos generators,Gold_Standard9002,https://reddit.com/r/CharacterAIrevolution/comments/1rcg9wi/best_free_ai_porn_videos_generators/,N/A,1771850163.0,176,1599
"""Ai videos are the future"" Ai videos: (tw)",_Idk_who_i_am_6_,https://reddit.com/r/TeenagersButBetter/comments/1meesxs/ai_videos_are_the_future_ai_videos_tw/,https://v.redd.it/6qelke2p7agf1,1753999101.0,220,194
Poland calls for EU action against AI-generated TikTok videos calling for “Polexit”,BubsyFanboy,https://reddit.com/r/technology/comments/1q0dz1j/poland_calls_for_eu_action_against_aigenerated/,https://notesfrompoland.com/2025/12/31/poland-calls-for-eu-action-against-ai-generated-tiktok-videos-calling-for-polexit/,1767190502.0,18376,741
"Will Smith is being accused of posting a tour video where the crowd looks suspiciously AI generated. People pointed out warped faces, glitchy signs, and strange distortions in the audience shots. Do you think this is AI?",Ordinary-Scholar-202,https://reddit.com/r/SipsTea/comments/1n20y3s/will_smith_is_being_accused_of_posting_a_tour/,https://v.redd.it/jypgzezkcolf1,1756349442.0,21715,4456
Trump calls video of bag being thrown from White House an ‘AI-generated’ fake,Capable_Salt_SD,https://reddit.com/r/technology/comments/1n6u8ko/trump_calls_video_of_bag_being_thrown_from_white/,https://www.cnn.com/2025/09/02/politics/white-house-black-bag-video-mystery,1756844048.0,33491,2159
Trump Accused of Sharing Bogus Video of Deadly Drug Boat Strike | A Venezuelan official said the video the president gloated about was “generated by AI.”,Aggravating_Money992,https://reddit.com/r/technology/comments/1n7ig5s/trump_accused_of_sharing_bogus_video_of_deadly/,https://www.thedailybeast.com/donald-trump-accused-of-sharing-bogus-video-of-deadly-drug-boat-strike/,1756914532.0,33543,1297
That robot demo almost turned into a nightmare,Simple3018,https://reddit.com/r/interesting/comments/1sywy13/that_robot_demo_almost_turned_into_a_nightmare/,https://v.redd.it/ldgeguvue4yg1,1777464612.0,2402,878
Robot kicks kid during a demo,Level-Equal1468,https://reddit.com/r/Wellthatsucks/comments/1sz3uzo/robot_kicks_kid_during_a_demo/,https://v.redd.it/bd69wmn4p5yg1,1777480172.0,3588,430
That robot demo almost turned into a nightmare,Simple3018,https://reddit.com/r/singularity/comments/1syvihl/that_robot_demo_almost_turned_into_a_nightmare/,https://v.redd.it/fcghjads24yg1,1777460570.0,2112,399
Boston Dynamics' redesigned all-electric Atlas humanoid robot in its first public demo,eternviking,https://reddit.com/r/whoathatsinteresting/comments/1q5epas/boston_dynamics_redesigned_allelectric_atlas/,https://v.redd.it/6541hnqzdpbg1,1767694085.0,3187,477
Robot Dog With RPG Strapped to Its Back Demoed at Russian Arms Fair. A developer showed off the logical next step in robotic warfare.,izumi3682,https://reddit.com/r/Futurology/comments/wpnwek/robot_dog_with_rpg_strapped_to_its_back_demoed_at/,https://www.vice.com/en/article/y3pwxg/robot-dog-with-rpg-strapped-to-its-back-demoed-at-russian-arms-fair,1660635106.0,4438,586
"Figure’s $2.6B humanoid robot just spent 5 months building BMWs real factory work, not a demo. Are robots finally ready to join the assembly line and change manufacturing forever?",Minimum_Minimum4577,https://reddit.com/r/robots/comments/1odx9iu/figures_26b_humanoid_robot_just_spent_5_months/,https://v.redd.it/8406bcg9htwf1,1761205908.0,712,378
"Boston Dynamics' latest Atlas video demos a robot that can run, jump and now grab and throw",N2929,https://reddit.com/r/technews/comments/10ffnqx/boston_dynamics_latest_atlas_video_demos_a_robot/,https://techcrunch.com/2023/01/18/boston-dynamics-latest-atlas-video-demos-a-robot-that-run-jump-and-now-grab-and-throw-things/,1674068701.0,2923,297
Robot kicks kid during demo,Level-Equal1468,https://reddit.com/r/infuriatingbutawesome/comments/1sz3z5a/robot_kicks_kid_during_demo/,https://v.redd.it/d32rqsuup5yg1,1777480417.0,391,154
"Zhejiang University demo of a jetpack for future flying humanoid robots. Driven by five micro-turbines, it weighs 31kg and flies 100 km/h.",MetaKnowing,https://reddit.com/r/Damnthatsinteresting/comments/1ohc55z/zhejiang_university_demo_of_a_jetpack_for_future/,https://v.redd.it/ai8djq366nxf1,1761565412.0,755,141
Tesla Optimus robot takes a suspicious tumble in new demo,ChollyWheels,https://reddit.com/r/RealTesla/comments/1ph93nn/tesla_optimus_robot_takes_a_suspicious_tumble_in/,N/A,1765189785.0,516,156
Buying a self-driving car has changed my life,justalilscared,https://reddit.com/r/drivinganxiety/comments/1rz9188/buying_a_selfdriving_car_has_changed_my_life/,N/A,1774042516.0,198,81
Self driving car fail to stop at stop sign and run over mannequin,jmike1256,https://reddit.com/r/interesting/comments/1sqf4mj/self_driving_car_fail_to_stop_at_stop_sign_and/,https://v.redd.it/o41n0k2yw9wg1,1776659531.0,2827,969
What cars are fully self-driving besides Tesla?,Bitter-Hawk-2615,https://reddit.com/r/whatcarshouldIbuy/comments/1owr977/what_cars_are_fully_selfdriving_besides_tesla/,N/A,1763109680.0,0,19
Cmv: Self driving cars are not the way of the future and should not become a thing.,Unlikely-Database-27,https://reddit.com/r/changemyview/comments/1sngue6/cmv_self_driving_cars_are_not_the_way_of_the/,N/A,1776374437.0,0,65
Would self driving cars make you mad?,lollz54,https://reddit.com/r/antiai/comments/1su7g9s/would_self_driving_cars_make_you_mad/,N/A,1777011247.0,0,39
Why it might not make sense for you to own a self-driving car,walky22talky,https://reddit.com/r/SelfDrivingCars/comments/1td9dda/why_it_might_not_make_sense_for_you_to_own_a/,https://www.understandingai.org/p/why-it-might-not-make-sense-for-you,1778788602.0,0,39
I Tested 4 Self-Driving Cars…,No-Web-8464,https://reddit.com/r/electriccars/comments/1rl8v3e/i_tested_4_selfdriving_cars/,https://youtu.be/6OoZQNanfZY?si=xHzyp1NE3-_Q5Fh-,1772687645.0,35,61
Waymo Self-Driving Cars Vandalized in LA,mingoslingo92,https://reddit.com/r/interestingasfuck/comments/1l6ryu8/waymo_selfdriving_cars_vandalized_in_la/,https://v.redd.it/ulqpx05dws5f1,1749430950.0,96609,10710
Self driving car fail to stop at stop sign and run over mannequin,sizzsling,https://reddit.com/r/interestingasfuck/comments/1lb4cs7/self_driving_car_fail_to_stop_at_stop_sign_and/,https://v.redd.it/srxphn8fzu6f1,1749892034.0,100126,5420
"Several self-driving Waymo cars were set on fire and destroyed in Los Angeles, each costing over $250,000 😳",Wooden-Journalist902,https://reddit.com/r/nextlevel/comments/1l6v19z/several_selfdriving_waymo_cars_were_set_on_fire/,https://v.redd.it/x744j067pt5f1,1749440638.0,8110,2059
This might be the greatest sports highlight of all time.,Punisher1602,https://reddit.com/r/sportsgossips/comments/1pziw54/this_might_be_the_greatest_sports_highlight_of/,https://v.redd.it/ik2vhjujlcag1,1767103363.0,11781,477
Is this the most impressive and explosive 3 min highlight reel in professional sports history?,Financial_Ice_3363,https://reddit.com/r/NBATalk/comments/1qh4sv1/is_this_the_most_impressive_and_explosive_3_min/,https://v.redd.it/lmjjdyecabeg1,1768831029.0,87,88
"[Highlight] Giants K Graham Gano on the fans and sports betting: “Ever since sports betting started, I get people telling me to k*ll myself every week because I’ll hit a kick that loses them money, or I’ll miss a kick and it loses them money. The other day, somebody told me to get cancer and d*e.”",oklolzzzzs,https://reddit.com/r/nfl/comments/1oqvqp5/highlight_giants_k_graham_gano_on_the_fans_and/,https://v.redd.it/mver9vqbeuzf1,1762525427.0,14602,1469
"Adam Silver says fans who can’t afford streaming services to watch NBA games can still watch free highlights, calling the NBA a “highlight sport.”",A_MASSIVE_PERVERT,https://reddit.com/r/nba/comments/1ndpt70/adam_silver_says_fans_who_cant_afford_streaming/,https://streamable.com/966828,1757537173.0,14687,3080
"[Highlight] Patrick Mahomes speaks on sports betting.:

""I just stay away from it. I don't want to put myself in that position. Your life is so great, why mess with it?""",oklolzzzzs,https://reddit.com/r/nfl/comments/1ow5gqd/highlight_patrick_mahomes_speaks_on_sports/,https://v.redd.it/ilv5wvnsv11g1,1763051008.0,10844,841
"[Highlight]On this day in sports history April 21, 2001 Michael Vick becomes first African American QB selected 1st overall",ShamusTalksSports,https://reddit.com/r/nfl/comments/1srpjeo/highlighton_this_day_in_sports_history_april_21/,https://v.redd.it/x122sluo1kwg1,1776782209.0,2265,306
This might be the smoothest sport highlight I've ever seen,GinaWhite_tt,https://reddit.com/r/BeAmazed/comments/1jwsba2/this_might_be_the_smoothest_sport_highlight_ive/,https://v.redd.it/ze6ypuqp28ue1,1744384503.0,12324,394
[Highlight] Wemby doing everything in the sport of basketball in 30 secs,nicko_rico,https://reddit.com/r/nba/comments/1roshsv/highlight_wemby_doing_everything_in_the_sport_of/,https://streamable.com/q69hz5,1773036985.0,2854,222
"[Highlight] Glen Kuiper, the primary announcer for A's games on NBC Sports California, says the N word on air",_-Carter,https://reddit.com/r/baseball/comments/139a4mp/highlight_glen_kuiper_the_primary_announcer_for/,https://v.redd.it/q17fzmi9n4ya1,1683342281.0,11773,2349
"[Highlight] Cal Raleigh launches a walkoff home run to defeat the Oakland A's and clinch the Seattle Mariners' first playoff berth since 2001, ending the longest-running postseason drought in North American sports.",twistedlogicx,https://reddit.com/r/baseball/comments/xsm118/highlight_cal_raleigh_launches_a_walkoff_home_run/,https://streamable.com/3rhg1j,1664598554.0,20687,1358
