tweet_text,username,tweet_link,media_link,timestamp,likes,reposts/comments,context
Is anyone else generating 30s AI videos? (Found a free tool for it),Miya2611,https://reddit.com/r/AiForSmallBusiness/comments/1qlh25f/is_anyone_else_generating_30s_ai_videos_found_a/,https://v.redd.it/1i0xmzl969fg1,1769241147.0,58,181,AI generated videos
Some AI video generations of past drawings of mine,ArisatoGori,https://reddit.com/r/cartoonbelly/comments/1o7kofs/some_ai_video_generations_of_past_drawings_of_mine/,https://www.reddit.com/gallery/1o7kofs,1760556563.0,247,117,AI generated videos
I did not expect this ai video generator to look this polished,Hamsa-Shimada,https://reddit.com/r/generativeAI/comments/1sx3zl3/i_did_not_expect_this_ai_video_generator_to_look/,https://www.redgifs.com/watch/sprynovelspider,1777297151.0,40,91,AI generated videos
How do y'all make videos with AI?,_VongolaDecimo_,https://reddit.com/r/ChatGPT/comments/1nnmhnh/how_do_yall_make_videos_with_ai/,N/A,1758547680.0,54,56,AI generated videos
Best free AI porn videos generators,Gold_Standard9002,https://reddit.com/r/CharacterAIrevolution/comments/1rcg9wi/best_free_ai_porn_videos_generators/,N/A,1771850163.0,175,1600,AI generated videos
"""Ai videos are the future"" Ai videos: (tw)",_Idk_who_i_am_6_,https://reddit.com/r/TeenagersButBetter/comments/1meesxs/ai_videos_are_the_future_ai_videos_tw/,https://v.redd.it/6qelke2p7agf1,1753999101.0,225,194,AI generated videos
Poland calls for EU action against AI-generated TikTok videos calling for “Polexit”,BubsyFanboy,https://reddit.com/r/technology/comments/1q0dz1j/poland_calls_for_eu_action_against_aigenerated/,https://notesfrompoland.com/2025/12/31/poland-calls-for-eu-action-against-ai-generated-tiktok-videos-calling-for-polexit/,1767190502.0,18375,741,AI generated videos
"Will Smith is being accused of posting a tour video where the crowd looks suspiciously AI generated. People pointed out warped faces, glitchy signs, and strange distortions in the audience shots. Do you think this is AI?",Ordinary-Scholar-202,https://reddit.com/r/SipsTea/comments/1n20y3s/will_smith_is_being_accused_of_posting_a_tour/,https://v.redd.it/jypgzezkcolf1,1756349442.0,21725,4456,AI generated videos
Trump calls video of bag being thrown from White House an ‘AI-generated’ fake,Capable_Salt_SD,https://reddit.com/r/technology/comments/1n6u8ko/trump_calls_video_of_bag_being_thrown_from_white/,https://www.cnn.com/2025/09/02/politics/white-house-black-bag-video-mystery,1756844048.0,33487,2159,AI generated videos
Trump Accused of Sharing Bogus Video of Deadly Drug Boat Strike | A Venezuelan official said the video the president gloated about was “generated by AI.”,Aggravating_Money992,https://reddit.com/r/technology/comments/1n7ig5s/trump_accused_of_sharing_bogus_video_of_deadly/,https://www.thedailybeast.com/donald-trump-accused-of-sharing-bogus-video-of-deadly-drug-boat-strike/,1756914532.0,33547,1297,AI generated videos
That robot demo almost turned into a nightmare,Simple3018,https://reddit.com/r/interesting/comments/1sywy13/that_robot_demo_almost_turned_into_a_nightmare/,https://v.redd.it/ldgeguvue4yg1,1777464612.0,2405,878,Robotics demos
Robot kicks kid during a demo,Level-Equal1468,https://reddit.com/r/Wellthatsucks/comments/1sz3uzo/robot_kicks_kid_during_a_demo/,https://v.redd.it/bd69wmn4p5yg1,1777480172.0,3579,430,Robotics demos
That robot demo almost turned into a nightmare,Simple3018,https://reddit.com/r/singularity/comments/1syvihl/that_robot_demo_almost_turned_into_a_nightmare/,https://v.redd.it/fcghjads24yg1,1777460570.0,2115,399,Robotics demos
Boston Dynamics' redesigned all-electric Atlas humanoid robot in its first public demo,eternviking,https://reddit.com/r/whoathatsinteresting/comments/1q5epas/boston_dynamics_redesigned_allelectric_atlas/,https://v.redd.it/6541hnqzdpbg1,1767694085.0,3187,477,Robotics demos
Robot Dog With RPG Strapped to Its Back Demoed at Russian Arms Fair. A developer showed off the logical next step in robotic warfare.,izumi3682,https://reddit.com/r/Futurology/comments/wpnwek/robot_dog_with_rpg_strapped_to_its_back_demoed_at/,https://www.vice.com/en/article/y3pwxg/robot-dog-with-rpg-strapped-to-its-back-demoed-at-russian-arms-fair,1660635106.0,4432,586,Robotics demos
"Figure’s $2.6B humanoid robot just spent 5 months building BMWs real factory work, not a demo. Are robots finally ready to join the assembly line and change manufacturing forever?",Minimum_Minimum4577,https://reddit.com/r/robots/comments/1odx9iu/figures_26b_humanoid_robot_just_spent_5_months/,https://v.redd.it/8406bcg9htwf1,1761205908.0,716,378,Robotics demos
"Boston Dynamics' latest Atlas video demos a robot that can run, jump and now grab and throw",N2929,https://reddit.com/r/technews/comments/10ffnqx/boston_dynamics_latest_atlas_video_demos_a_robot/,https://techcrunch.com/2023/01/18/boston-dynamics-latest-atlas-video-demos-a-robot-that-run-jump-and-now-grab-and-throw-things/,1674068701.0,2923,297,Robotics demos
Robot kicks kid during demo,Level-Equal1468,https://reddit.com/r/infuriatingbutawesome/comments/1sz3z5a/robot_kicks_kid_during_demo/,https://v.redd.it/d32rqsuup5yg1,1777480417.0,384,154,Robotics demos
"Zhejiang University demo of a jetpack for future flying humanoid robots. Driven by five micro-turbines, it weighs 31kg and flies 100 km/h.",MetaKnowing,https://reddit.com/r/Damnthatsinteresting/comments/1ohc55z/zhejiang_university_demo_of_a_jetpack_for_future/,https://v.redd.it/ai8djq366nxf1,1761565412.0,759,141,Robotics demos
Tesla Optimus robot takes a suspicious tumble in new demo,ChollyWheels,https://reddit.com/r/RealTesla/comments/1ph93nn/tesla_optimus_robot_takes_a_suspicious_tumble_in/,N/A,1765189785.0,521,156,Robotics demos
This might be the greatest sports highlight of all time.,Punisher1602,https://reddit.com/r/sportsgossips/comments/1pziw54/this_might_be_the_greatest_sports_highlight_of/,https://v.redd.it/ik2vhjujlcag1,1767103363.0,11788,477,Sports highlights
Is this the most impressive and explosive 3 min highlight reel in professional sports history?,Financial_Ice_3363,https://reddit.com/r/NBATalk/comments/1qh4sv1/is_this_the_most_impressive_and_explosive_3_min/,https://v.redd.it/lmjjdyecabeg1,1768831029.0,83,88,Sports highlights
"[Highlight] Giants K Graham Gano on the fans and sports betting: “Ever since sports betting started, I get people telling me to k*ll myself every week because I’ll hit a kick that loses them money, or I’ll miss a kick and it loses them money. The other day, somebody told me to get cancer and d*e.”",oklolzzzzs,https://reddit.com/r/nfl/comments/1oqvqp5/highlight_giants_k_graham_gano_on_the_fans_and/,https://v.redd.it/mver9vqbeuzf1,1762525427.0,14595,1469,Sports highlights
"Adam Silver says fans who can’t afford streaming services to watch NBA games can still watch free highlights, calling the NBA a “highlight sport.”",A_MASSIVE_PERVERT,https://reddit.com/r/nba/comments/1ndpt70/adam_silver_says_fans_who_cant_afford_streaming/,https://streamable.com/966828,1757537173.0,14688,3080,Sports highlights
"[Highlight] Patrick Mahomes speaks on sports betting.:

""I just stay away from it. I don't want to put myself in that position. Your life is so great, why mess with it?""",oklolzzzzs,https://reddit.com/r/nfl/comments/1ow5gqd/highlight_patrick_mahomes_speaks_on_sports/,https://v.redd.it/ilv5wvnsv11g1,1763051008.0,10838,841,Sports highlights
"[Highlight]On this day in sports history April 21, 2001 Michael Vick becomes first African American QB selected 1st overall",ShamusTalksSports,https://reddit.com/r/nfl/comments/1srpjeo/highlighton_this_day_in_sports_history_april_21/,https://v.redd.it/x122sluo1kwg1,1776782209.0,2269,306,Sports highlights
This might be the smoothest sport highlight I've ever seen,GinaWhite_tt,https://reddit.com/r/BeAmazed/comments/1jwsba2/this_might_be_the_smoothest_sport_highlight_ive/,https://v.redd.it/ze6ypuqp28ue1,1744384503.0,12326,394,Sports highlights
[Highlight] Wemby doing everything in the sport of basketball in 30 secs,nicko_rico,https://reddit.com/r/nba/comments/1roshsv/highlight_wemby_doing_everything_in_the_sport_of/,https://streamable.com/q69hz5,1773036985.0,2857,222,Sports highlights
"[Highlight] Glen Kuiper, the primary announcer for A's games on NBC Sports California, says the N word on air",_-Carter,https://reddit.com/r/baseball/comments/139a4mp/highlight_glen_kuiper_the_primary_announcer_for/,https://v.redd.it/q17fzmi9n4ya1,1683342281.0,11764,2349,Sports highlights
"[Highlight] Cal Raleigh launches a walkoff home run to defeat the Oakland A's and clinch the Seattle Mariners' first playoff berth since 2001, ending the longest-running postseason drought in North American sports.",twistedlogicx,https://reddit.com/r/baseball/comments/xsm118/highlight_cal_raleigh_launches_a_walkoff_home_run/,https://streamable.com/3rhg1j,1664598554.0,20689,1358,Sports highlights
Trump unveils a 50% tariff on copper and threatens to impose 200% duties on pharmaceuticals,callsonreddit,https://reddit.com/r/wallstreetbets/comments/1luwcrr/trump_unveils_a_50_tariff_on_copper_and_threatens/,N/A,1751999459.0,10479,983,Semiconductor news
Michael Burry - Foundations: The Big Short Squeeze,diamondhands,https://reddit.com/r/Superstonk/comments/1pntmak/michael_burry_foundations_the_big_short_squeeze/,N/A,1765861752.0,5215,568,Semiconductor news
Tariffs are back on Trump says!,Onnimation,https://reddit.com/r/stocks/comments/1jyghal/tariffs_are_back_on_trump_says/,N/A,1744574224.0,10550,1896,Semiconductor news
"Trump to Hit Canada, Mexico With 25% Tariffs on Saturday",WinningWatchlist,https://reddit.com/r/stocks/comments/1ie0pxa/trump_to_hit_canada_mexico_with_25_tariffs_on/,N/A,1738279389.0,8151,1935,Semiconductor news
"""RAM is so expensive, Samsung won't even sell it to Samsung""",Bubble_Babe_0o0o0o,https://reddit.com/r/BrandNewSentence/comments/1pmyb0r/ram_is_so_expensive_samsung_wont_even_sell_it_to/,https://i.redd.it/vauoq4a8oa7g1.jpeg,1765772504.0,17250,202,Semiconductor news
Trump says Tech Tariff exemption was fake news 4/13/2026,zin1422,https://reddit.com/r/WallStreetbetsELITE/comments/1jygzm9/trump_says_tech_tariff_exemption_was_fake_news/,https://i.redd.it/2oqe73xqunue1.jpeg,1744575543.0,7489,825,Semiconductor news
Trump Calls for End to $52 Billion Chips Act Subsidy Program,WinningWatchlist,https://reddit.com/r/stocks/comments/1j437g9/trump_calls_for_end_to_52_billion_chips_act/,N/A,1741181750.0,6828,909,Semiconductor news
POET -30% premarket after Marvell cancels Celestial AI purchase orders over alleged confidentiality breach,callsonreddit,https://reddit.com/r/wallstreetbets/comments/1sx354q/poet_30_premarket_after_marvell_cancels_celestial/,N/A,1777295183.0,1594,367,Semiconductor news
"Trump Exempts Phones, Computers, Chips From Tariffs",s1n0d3utscht3k,https://reddit.com/r/stocks/comments/1jxhkoi/trump_exempts_phones_computers_chips_from_tariffs/,N/A,1744465311.0,4058,800,Semiconductor news
Biden Set to Announce Chinese Semiconductor Probe: Bloomberg News,retvets,https://reddit.com/r/technology/comments/1hgueo7/biden_set_to_announce_chinese_semiconductor_probe/,https://www.bloomberg.com/news/articles/2024-12-17/biden-to-announce-chinese-semiconductor-probe-in-coming-days,1734498417.0,608,48,Semiconductor news
